iter	Logloss
0	0.5009954534
1	0.428563669
